{
  "SEX": {
    "1": {
      "support": 2402,
      "precision_pos": 0.4856687898089172,
      "recall_pos": 0.5436720142602496,
      "f1_pos": 0.5130361648444071
    },
    "2": {
      "support": 3598,
      "precision_pos": 0.4835680751173709,
      "recall_pos": 0.5378590078328982,
      "f1_pos": 0.5092707045735476
    }
  },
  "age_bucket": {
    "<25": {
      "support": 767,
      "precision_pos": 0.5,
      "recall_pos": 0.6326530612244898,
      "f1_pos": 0.5585585585585585
    },
    "25-35": {
      "support": 2492,
      "precision_pos": 0.4547069271758437,
      "recall_pos": 0.5224489795918368,
      "f1_pos": 0.4862298195631529
    },
    "35-50": {
      "support": 2270,
      "precision_pos": 0.5074349442379182,
      "recall_pos": 0.5190114068441065,
      "f1_pos": 0.5131578947368421
    },
    "50+": {
      "support": 471,
      "precision_pos": 0.48854961832061067,
      "recall_pos": 0.5565217391304348,
      "f1_pos": 0.5203252032520326
    }
  }
}