model,roc_auc,precision,recall,f1
RandomForest (calibrated),0.7522594887238028,0.48445945945945945,0.5403165033911078,0.5108656929105807
