{
  "created_at": "2025-08-13T08:46:29.693997",
  "stats": {
    "LIMIT_BAL": {
      "mean": 167418.54166666666,
      "std": 129498.15763892136,
      "min": 10000.0,
      "25%": 50000.0,
      "50%": 140000.0,
      "75%": 240000.0,
      "max": 800000.0,
      "n": 19200
    },
    "SEX": {
      "mean": 1.6047916666666666,
      "std": 0.48890812647838483,
      "min": 1.0,
      "25%": 1.0,
      "50%": 2.0,
      "75%": 2.0,
      "max": 2.0,
      "n": 19200
    },
    "EDUCATION": {
      "mean": 1.8511458333333333,
      "std": 0.7927800271512281,
      "min": 0.0,
      "25%": 1.0,
      "50%": 2.0,
      "75%": 2.0,
      "max": 6.0,
      "n": 19200
    },
    "MARRIAGE": {
      "mean": 1.5552604166666666,
      "std": 0.5212984814595704,
      "min": 0.0,
      "25%": 1.0,
      "50%": 2.0,
      "75%": 2.0,
      "max": 3.0,
      "n": 19200
    },
    "AGE": {
      "mean": 35.39489583333334,
      "std": 9.195703425924558,
      "min": 21.0,
      "25%": 28.0,
      "50%": 34.0,
      "75%": 41.0,
      "max": 75.0,
      "n": 19200
    },
    "PAY_0": {
      "mean": -0.014322916666666666,
      "std": 1.1173422160128927,
      "min": -2.0,
      "25%": -1.0,
      "50%": 0.0,
      "75%": 0.0,
      "max": 8.0,
      "n": 19200
    },
    "PAY_2": {
      "mean": -0.13776041666666666,
      "std": 1.1951737177196118,
      "min": -2.0,
      "25%": -1.0,
      "50%": 0.0,
      "75%": 0.0,
      "max": 8.0,
      "n": 19200
    },
    "PAY_3": {
      "mean": -0.16859375,
      "std": 1.1964072393509986,
      "min": -2.0,
      "25%": -1.0,
      "50%": 0.0,
      "75%": 0.0,
      "max": 8.0,
      "n": 19200
    },
    "PAY_4": {
      "mean": -0.22145833333333334,
      "std": 1.1667199482350499,
      "min": -2.0,
      "25%": -1.0,
      "50%": 0.0,
      "75%": 0.0,
      "max": 8.0,
      "n": 19200
    },
    "PAY_5": {
      "mean": -0.27026041666666667,
      "std": 1.1302630637864344,
      "min": -2.0,
      "25%": -1.0,
      "50%": 0.0,
      "75%": 0.0,
      "max": 8.0,
      "n": 19200
    },
    "PAY_6": {
      "mean": -0.2915625,
      "std": 1.14916531542831,
      "min": -2.0,
      "25%": -1.0,
      "50%": 0.0,
      "75%": 0.0,
      "max": 8.0,
      "n": 19200
    },
    "BILL_AMT1": {
      "mean": 50514.848333333335,
      "std": 72256.21467262102,
      "min": -165580.0,
      "25%": 3408.75,
      "50%": 22208.0,
      "75%": 66656.25,
      "max": 621749.0,
      "n": 19200
    },
    "BILL_AMT2": {
      "mean": 48452.86994791667,
      "std": 69800.68576923753,
      "min": -69777.0,
      "25%": 2911.75,
      "50%": 20844.0,
      "75%": 63345.0,
      "max": 624475.0,
      "n": 19200
    },
    "BILL_AMT3": {
      "mean": 46457.36765625,
      "std": 67784.3586286145,
      "min": -61506.0,
      "25%": 2525.75,
      "50%": 19863.0,
      "75%": 59628.25,
      "max": 632041.0,
      "n": 19200
    },
    "BILL_AMT4": {
      "mean": 42866.175208333334,
      "std": 63674.1079708958,
      "min": -81334.0,
      "25%": 2295.25,
      "50%": 18845.5,
      "75%": 53826.0,
      "max": 628699.0,
      "n": 19200
    },
    "BILL_AMT5": {
      "mean": 39904.590520833335,
      "std": 60236.2164252666,
      "min": -81334.0,
      "25%": 1714.75,
      "50%": 17969.0,
      "75%": 50029.0,
      "max": 823540.0,
      "n": 19200
    },
    "BILL_AMT6": {
      "mean": 38347.249947916665,
      "std": 58590.89844727573,
      "min": -339603.0,
      "25%": 1201.5,
      "50%": 16833.0,
      "75%": 48756.75,
      "max": 568638.0,
      "n": 19200
    },
    "PAY_AMT1": {
      "mean": 5617.105104166667,
      "std": 16572.512238942105,
      "min": 0.0,
      "25%": 1000.0,
      "50%": 2100.0,
      "75%": 5008.25,
      "max": 873552.0,
      "n": 19200
    },
    "PAY_AMT2": {
      "mean": 5890.502864583334,
      "std": 20100.044108179984,
      "min": 0.0,
      "25%": 802.75,
      "50%": 2010.0,
      "75%": 5000.0,
      "max": 1215471.0,
      "n": 19200
    },
    "PAY_AMT3": {
      "mean": 5239.5578125,
      "std": 17246.800345181746,
      "min": 0.0,
      "25%": 390.0,
      "50%": 1800.0,
      "75%": 4530.0,
      "max": 889043.0,
      "n": 19200
    },
    "PAY_AMT4": {
      "mean": 4805.035572916667,
      "std": 15237.767500589998,
      "min": 0.0,
      "25%": 280.0,
      "50%": 1500.0,
      "75%": 4000.0,
      "max": 621000.0,
      "n": 19200
    },
    "PAY_AMT5": {
      "mean": 4759.032135416666,
      "std": 14976.549974620591,
      "min": 0.0,
      "25%": 244.0,
      "50%": 1503.0,
      "75%": 4031.5,
      "max": 426529.0,
      "n": 19200
    },
    "PAY_AMT6": {
      "mean": 5272.060885416667,
      "std": 18323.877768206752,
      "min": 0.0,
      "25%": 100.0,
      "50%": 1500.0,
      "75%": 4000.0,
      "max": 528666.0,
      "n": 19200
    },
    "bill_sum": {
      "mean": 266543.10161458334,
      "std": 373876.75006450596,
      "min": -336259.0,
      "25%": 28156.25,
      "50%": 125028.0,
      "75%": 338696.25,
      "max": 3554591.0,
      "n": 19200
    },
    "bill_mean": {
      "mean": 44423.850269097224,
      "std": 62312.79167741767,
      "min": -56043.166666666664,
      "25%": 4692.708333333333,
      "50%": 20838.0,
      "75%": 56449.375,
      "max": 592431.8333333334,
      "n": 19200
    },
    "pay_sum": {
      "mean": 31583.294375,
      "std": 60435.2506636799,
      "min": 0.0,
      "25%": 6681.5,
      "50%": 14430.0,
      "75%": 33377.25,
      "max": 3764066.0,
      "n": 19200
    },
    "pay_mean": {
      "mean": 5263.882395833334,
      "std": 10072.541777279983,
      "min": 0.0,
      "25%": 1113.5833333333335,
      "50%": 2405.0,
      "75%": 5562.875,
      "max": 627344.3333333334,
      "n": 19200
    },
    "payment_rate": {
      "mean": 0.37443165577918275,
      "std": 8.61971707643284,
      "min": -546.9285714285714,
      "25%": 0.04109356429497427,
      "50%": 0.0870094139608767,
      "75%": 0.596682603345752,
      "max": 797.0,
      "n": 19200
    },
    "debt_ratio": {
      "mean": 2.2207940053590884,
      "std": 2.106949348278081,
      "min": -1.39554,
      "25%": 0.17875431034482758,
      "50%": 1.674421590909091,
      "75%": 4.094478571428572,
      "max": 32.18585,
      "n": 19200
    },
    "num_delinq_pos": {
      "mean": 0.8374479166666666,
      "std": 1.5489928570483686,
      "min": 0.0,
      "25%": 0.0,
      "50%": 0.0,
      "75%": 1.0,
      "max": 6.0,
      "n": 19200
    },
    "max_delinq": {
      "mean": 0.44395833333333334,
      "std": 1.338599451057994,
      "min": -2.0,
      "25%": 0.0,
      "50%": 0.0,
      "75%": 2.0,
      "max": 8.0,
      "n": 19200
    },
    "age_bucket": {
      "top_counts": {
        "25-35": 8385,
        "35-50": 6865,
        "<25": 2514,
        "50+": 1436
      },
      "n": 19200
    }
  }
}